USE vlabs;

-- defined enumerations / vocabularies
-- 'eclass formats'
INSERT INTO eclass_format (id, title, description) VALUES (1, 'Single Activity', 'EClass with single activity');
INSERT INTO eclass_format (id, title, description) VALUES (2, 'Weekly Format', 'Weekly formatted ECLass');
INSERT INTO eclass_format (id, title, description) VALUES (3, 'Topics Format', 'EClass formatted as linear list of topics');

-- initial / test data

-- the password hash is generated by BCrypt Calculator Generator(https://www.dailycred.com/article/bcrypt-calculator)
INSERT INTO users (id, username, password, first_name, last_name, email, phone_number, enabled, last_password_reset_date) VALUES (1,  'admin',     '$2a$04$mrdlLQBTR4Hnrl6J2QuOy.C/kt8GoDHPO79qK604nzw.9lyBE7uzO', 'Alexey',  'Maistrenko',  'vlabs.com.ua@gmail.com', '+380661599596', true, NOW());
INSERT INTO users (id, username, password, first_name, last_name, email, phone_number, enabled, last_password_reset_date) VALUES (2,  'manager',   '$2a$04$mrdlLQBTR4Hnrl6J2QuOy.C/kt8GoDHPO79qK604nzw.9lyBE7uzO', 'Initial', 'Manager',     'manager@email.no',       '+000000000000', true, NOW());
INSERT INTO users (id, username, password, first_name, last_name, email, phone_number, enabled, last_password_reset_date) VALUES (3,  'user1',     '$2a$04$mrdlLQBTR4Hnrl6J2QuOy.C/kt8GoDHPO79qK604nzw.9lyBE7uzO', 'Initial', 'User1',       'user1@email.no',         '+000000000000', true, NOW());
INSERT INTO users (id, username, password, first_name, last_name, email, phone_number, enabled, last_password_reset_date) VALUES (4,  'user2',     '$2a$04$mrdlLQBTR4Hnrl6J2QuOy.C/kt8GoDHPO79qK604nzw.9lyBE7uzO', 'Initial', 'User2',       'user2@email.no',         '+000000000000', true, NOW());
INSERT INTO users (id, username, password, first_name, last_name, email, phone_number, enabled, last_password_reset_date) VALUES (5,  'user3',     '$2a$04$mrdlLQBTR4Hnrl6J2QuOy.C/kt8GoDHPO79qK604nzw.9lyBE7uzO', 'Initial', 'User3',       'user3@email.no',         '+000000000000', true, NOW());
INSERT INTO users (id, username, password, first_name, last_name, email, phone_number, enabled, last_password_reset_date) VALUES (6,  'user4',     '$2a$04$mrdlLQBTR4Hnrl6J2QuOy.C/kt8GoDHPO79qK604nzw.9lyBE7uzO', 'Initial', 'User4',       'user4@email.no',         '+000000000000', true, NOW());
INSERT INTO users (id, username, password, first_name, last_name, email, phone_number, enabled, last_password_reset_date) VALUES (7,  'user5',     '$2a$04$mrdlLQBTR4Hnrl6J2QuOy.C/kt8GoDHPO79qK604nzw.9lyBE7uzO', 'Initial', 'User5',       'user5@email.no',         '+000000000000', true, NOW());
INSERT INTO users (id, username, password, first_name, last_name, email, phone_number, enabled, last_password_reset_date) VALUES (8,  'user6',     '$2a$04$mrdlLQBTR4Hnrl6J2QuOy.C/kt8GoDHPO79qK604nzw.9lyBE7uzO', 'Initial', 'User6',       'user6@email.no',         '+000000000000', true, NOW());
INSERT INTO users (id, username, password, first_name, last_name, email, phone_number, enabled, last_password_reset_date) VALUES (9,  'user7',     '$2a$04$mrdlLQBTR4Hnrl6J2QuOy.C/kt8GoDHPO79qK604nzw.9lyBE7uzO', 'Initial', 'User7',       'user7@email.no',         '+000000000000', true, NOW());
INSERT INTO users (id, username, password, first_name, last_name, email, phone_number, enabled, last_password_reset_date) VALUES (10, 'user8',     '$2a$04$mrdlLQBTR4Hnrl6J2QuOy.C/kt8GoDHPO79qK604nzw.9lyBE7uzO', 'Initial', 'User8',       'user8@email.no',         '+000000000000', true, NOW());
INSERT INTO users (id, username, password, first_name, last_name, email, phone_number, enabled, last_password_reset_date) VALUES (11, 'user9',     '$2a$04$mrdlLQBTR4Hnrl6J2QuOy.C/kt8GoDHPO79qK604nzw.9lyBE7uzO', 'Initial', 'User9',       'user9@email.no',         '+000000000000', true, NOW());
INSERT INTO users (id, username, password, first_name, last_name, email, phone_number, enabled, last_password_reset_date) VALUES (12, 'user10',    '$2a$04$mrdlLQBTR4Hnrl6J2QuOy.C/kt8GoDHPO79qK604nzw.9lyBE7uzO', 'Initial', 'User10',      'user10@email.no',        '+000000000000', true, NOW());
INSERT INTO users (id, username, password, first_name, last_name, email, phone_number, enabled, last_password_reset_date) VALUES (13, 'user11',    '$2a$04$mrdlLQBTR4Hnrl6J2QuOy.C/kt8GoDHPO79qK604nzw.9lyBE7uzO', 'Initial', 'User11',      'user11@email.no',        '+000000000000', true, NOW());
INSERT INTO users (id, username, password, first_name, last_name, email, phone_number, enabled, last_password_reset_date) VALUES (14, 'user12',    '$2a$04$mrdlLQBTR4Hnrl6J2QuOy.C/kt8GoDHPO79qK604nzw.9lyBE7uzO', 'Initial', 'User12',      'user12@email.no',        '+000000000000', true, NOW());
INSERT INTO users (id, username, password, first_name, last_name, email, phone_number, enabled, last_password_reset_date) VALUES (15, 'user13',    '$2a$04$mrdlLQBTR4Hnrl6J2QuOy.C/kt8GoDHPO79qK604nzw.9lyBE7uzO', 'Initial', 'User13',      'user13@email.no',        '+000000000000', true, NOW());
INSERT INTO users (id, username, password, first_name, last_name, email, phone_number, enabled, last_password_reset_date) VALUES (16, 'user14',    '$2a$04$mrdlLQBTR4Hnrl6J2QuOy.C/kt8GoDHPO79qK604nzw.9lyBE7uzO', 'Initial', 'User14',      'user14@email.no',        '+000000000000', true, NOW());
INSERT INTO users (id, username, password, first_name, last_name, email, phone_number, enabled, last_password_reset_date) VALUES (17, 'user15',    '$2a$04$mrdlLQBTR4Hnrl6J2QuOy.C/kt8GoDHPO79qK604nzw.9lyBE7uzO', 'Initial', 'User15',      'user15@email.no',        '+000000000000', true, NOW());
INSERT INTO users (id, username, password, first_name, last_name, email, phone_number, enabled, last_password_reset_date) VALUES (18, 'user16',    '$2a$04$mrdlLQBTR4Hnrl6J2QuOy.C/kt8GoDHPO79qK604nzw.9lyBE7uzO', 'Initial', 'User16',      'user16@email.no',        '+000000000000', false, NOW());
INSERT INTO users (id, username, password, first_name, last_name, email, phone_number, enabled, last_password_reset_date) VALUES (19, 'user17',    '$2a$04$mrdlLQBTR4Hnrl6J2QuOy.C/kt8GoDHPO79qK604nzw.9lyBE7uzO', 'Initial', 'User17',      'user17@email.no',        '+000000000000', false, NOW());
INSERT INTO users (id, username, password, first_name, last_name, email, phone_number, enabled, last_password_reset_date) VALUES (20, 'user18',    '$2a$04$mrdlLQBTR4Hnrl6J2QuOy.C/kt8GoDHPO79qK604nzw.9lyBE7uzO', 'Initial', 'User18',      'user18@email.no',        '+000000000000', false, NOW());
INSERT INTO users (id, username, password, first_name, last_name, email, phone_number, enabled, last_password_reset_date) VALUES (21, 'user19',    '$2a$04$mrdlLQBTR4Hnrl6J2QuOy.C/kt8GoDHPO79qK604nzw.9lyBE7uzO', 'Initial', 'User19',      'user19@email.no',        '+000000000000', false, NOW());
INSERT INTO users (id, username, password, first_name, last_name, email, phone_number, enabled, last_password_reset_date) VALUES (22, 'user20',    '$2a$04$mrdlLQBTR4Hnrl6J2QuOy.C/kt8GoDHPO79qK604nzw.9lyBE7uzO', 'Initial', 'User20',      'user20@email.no',        '+000000000000', false, NOW());

-- add initial user authorities
INSERT INTO authority (id, name) VALUES (1, 'ROLE_USER');
INSERT INTO authority (id, name) VALUES (2, 'ROLE_MANAGER');
INSERT INTO authority (id, name) VALUES (3, 'ROLE_ADMIN');
INSERT INTO authority (id, name) VALUES (4, 'ROLE_COLLABORATOR');

-- 'initial admin' authorities
INSERT INTO user_authority (user_id, authority_id) VALUES (1, 1);
INSERT INTO user_authority (user_id, authority_id) VALUES (1, 2);
INSERT INTO user_authority (user_id, authority_id) VALUES (1, 3);

-- 'initial manager' authorities
INSERT INTO user_authority (user_id, authority_id) VALUES (2, 1);
INSERT INTO user_authority (user_id, authority_id) VALUES (2, 2);

-- 'initial users authorities
INSERT INTO user_authority (user_id, authority_id) VALUES (3, 1);
INSERT INTO user_authority (user_id, authority_id) VALUES (4, 1);
INSERT INTO user_authority (user_id, authority_id) VALUES (5, 1);
INSERT INTO user_authority (user_id, authority_id) VALUES (6, 1);
INSERT INTO user_authority (user_id, authority_id) VALUES (7, 1);
INSERT INTO user_authority (user_id, authority_id) VALUES (8, 1);
INSERT INTO user_authority (user_id, authority_id) VALUES (9, 1);
INSERT INTO user_authority (user_id, authority_id) VALUES (10, 1);

-- 'initial Demo Group'
INSERT INTO groups (id, name) VALUES (1, 'Demo Group');
-- add initial user to Demo Group
INSERT INTO group_user (group_id, user_id) VALUES (1, 3);
